{"id" : 100,
"original_sudoku" : "805000002000401000300000000060700400200050000000000060000380000010000900090000070",
"givens_to_empty_ratio" : 0.285714,
"unique_solutions" : [ "845697312926431857371528694569713428284956731137842569752389146613274985498165273" ],
"avg_number_of_steps" : 45961.4,
"avg_failure_to_success_ratio" : 11077.8,
"avg_candidates_for_picked_cell" : 4,
"avg_median_of_candidates_for_cell" : 4.20706
}