{"id" : 1006,
"original_sudoku" : "047000000000050020000010000000300709800000000000400000000703600510000080200000000",
"givens_to_empty_ratio" : 0.265625,
"unique_solutions" : [ "147239568398657421652814973421368759839572146765491832984723615513946287276185394" ],
"avg_number_of_steps" : 10767.8,
"avg_failure_to_success_ratio" : 2924.4,
"avg_candidates_for_picked_cell" : 4,
"avg_median_of_candidates_for_cell" : 4.25324
}