{"id" : 101,
"original_sudoku" : "020000080000040600000010000030207400100000500000800000200300070405000000600000000",
"givens_to_empty_ratio" : 0.285714,
"unique_solutions" : [ "924673185751948632368512947836257491197436528542891763219365874485729316673184259" ],
"avg_number_of_steps" : 46854.6,
"avg_failure_to_success_ratio" : 12615.4,
"avg_candidates_for_picked_cell" : 4,
"avg_median_of_candidates_for_cell" : 4.24728
}