{"id" : 1048,
"original_sudoku" : "900050040000008600005000090200000030008007000000106000700600004002809007090000023",
"givens_to_empty_ratio" : 0.396552,
"unique_solutions" : [ "926751348134298675875463291217985436468327519359146782783612954542839167691574823" ],
"avg_number_of_steps" : 29909.2,
"avg_failure_to_success_ratio" : 7276.8,
"avg_candidates_for_picked_cell" : 4,
"avg_median_of_candidates_for_cell" : 4.20674
}