{"id" : 1097,
"original_sudoku" : "600302000040000010000000000702600000000000054300000000080150000000040200000000700",
"givens_to_empty_ratio" : 0.265625,
"unique_solutions" : [ "615382479943765812827491536752634198168279354394518627286157943579843261431926785" ],
"avg_number_of_steps" : 495475,
"avg_failure_to_success_ratio" : 124959,
"avg_candidates_for_picked_cell" : 4,
"avg_median_of_candidates_for_cell" : 4.22203
}