{"id" : 112,
"original_sudoku" : "100460005020000700000090000030708000000000091000200000000300840600000000500000000",
"givens_to_empty_ratio" : 0.285714,
"unique_solutions" : [ "178462935924531768365897412239718654857643291416259387791325846683174529542986173" ],
"avg_number_of_steps" : 151448,
"avg_failure_to_success_ratio" : 38210.4,
"avg_candidates_for_picked_cell" : 4,
"avg_median_of_candidates_for_cell" : 4.22169
}