{"id" : 1129,
"original_sudoku" : "000000700200000000000509010009050046000800007005003000870400650020000008600300000",
"givens_to_empty_ratio" : 0.372881,
"unique_solutions" : [ "596128734218734965347569812789251346132846597465973281871492653923615478654387129" ],
"avg_number_of_steps" : 27003,
"avg_failure_to_success_ratio" : 6695.6,
"avg_candidates_for_picked_cell" : 4,
"avg_median_of_candidates_for_cell" : 4.21829
}