{"id" : 1137,
"original_sudoku" : "700000060120000000000280310040600800905004200000000000050040000000075000070300408",
"givens_to_empty_ratio" : 0.396552,
"unique_solutions" : [ "738491562124563789596287314247659831985134276361728945853946127412875693679312458" ],
"avg_number_of_steps" : 26139.8,
"avg_failure_to_success_ratio" : 6147,
"avg_candidates_for_picked_cell" : 4,
"avg_median_of_candidates_for_cell" : 4.20813
}