{"id" : 1151,
"original_sudoku" : "032000060000609000900200043700084900004000006050010000090800000020003700500000090",
"givens_to_empty_ratio" : 0.421053,
"unique_solutions" : [ "132748569845639217967251843716584932384927156259316478493875621621493785578162394" ],
"avg_number_of_steps" : 21583.8,
"avg_failure_to_success_ratio" : 5282.8,
"avg_candidates_for_picked_cell" : 4,
"avg_median_of_candidates_for_cell" : 4.21581
}