{"id" : 1207,
"original_sudoku" : "700002040060500900000008100307000000000701000800400005000000000096000700100803004",
"givens_to_empty_ratio" : 0.372881,
"unique_solutions" : [ "715392846268514937934678152357286419649751328821439675583947261496125783172863594" ],
"avg_number_of_steps" : 4029.6,
"avg_failure_to_success_ratio" : 937.2,
"avg_candidates_for_picked_cell" : 4,
"avg_median_of_candidates_for_cell" : 4.18834
}