{"id" : 1224,
"original_sudoku" : "003000000470200008060005009007090810040000050005100000000087000000300004080400200",
"givens_to_empty_ratio" : 0.396552,
"unique_solutions" : [ "593846721471239568862715349627594813148673952935128476214987635759362184386451297" ],
"avg_number_of_steps" : 19448.2,
"avg_failure_to_success_ratio" : 4551.2,
"avg_candidates_for_picked_cell" : 4,
"avg_median_of_candidates_for_cell" : 4.20067
}