{"id" : 1229,
"original_sudoku" : "400000508030000000000700000020000060000050400000010000000603070500200000108000000",
"givens_to_empty_ratio" : 0.265625,
"unique_solutions" : [ "417369528839125746652748319925437861781956432346812957294683175573291684168574293" ],
"avg_number_of_steps" : 61512,
"avg_failure_to_success_ratio" : 16360.2,
"avg_candidates_for_picked_cell" : 4,
"avg_median_of_candidates_for_cell" : 4.23992
}