{"id" : 1288,
"original_sudoku" : "010000800000700005000000000000500073068000000400000000300400020000082600700000000",
"givens_to_empty_ratio" : 0.265625,
"unique_solutions" : [ "217653849849721365635894712921568473568347291473219586396475128154982637782136954" ],
"avg_number_of_steps" : 48730.4,
"avg_failure_to_success_ratio" : 12660.4,
"avg_candidates_for_picked_cell" : 4,
"avg_median_of_candidates_for_cell" : 4.22535
}