{"id" : 1314,
"original_sudoku" : "030850100700300200005004060000000000284000007000900000000006010600005000000480300",
"givens_to_empty_ratio" : 0.372881,
"unique_solutions" : [ "436852179718369245925174863169527438284613957357948621843796512691235784572481396" ],
"avg_number_of_steps" : 3092,
"avg_failure_to_success_ratio" : 715.2,
"avg_candidates_for_picked_cell" : 4,
"avg_median_of_candidates_for_cell" : 4.19864
}