{"id" : 1339,
"original_sudoku" : "500470000020000900000000000030109000000000087000200000704060000000003100800000000",
"givens_to_empty_ratio" : 0.265625,
"unique_solutions" : [ "589472613326815974471396825237189456195634287648257391714968532952743168863521749" ],
"avg_number_of_steps" : 87798,
"avg_failure_to_success_ratio" : 23644.8,
"avg_candidates_for_picked_cell" : 4,
"avg_median_of_candidates_for_cell" : 4.24576
}