{"id" : 1375,
"original_sudoku" : "047080001000000000000600700600003570000005000010060000280040000090100040000020690",
"givens_to_empty_ratio" : 0.372881,
"unique_solutions" : [ "947582361863471952152639784624813579738295416519764823285946137396157248471328695" ],
"avg_number_of_steps" : 5018.4,
"avg_failure_to_success_ratio" : 1286.4,
"avg_candidates_for_picked_cell" : 4,
"avg_median_of_candidates_for_cell" : 4.23219
}