{"id" : 1377,
"original_sudoku" : "100000600007690042004700000510900000008175004000080006001000809300017000000000000",
"givens_to_empty_ratio" : 0.446429,
"unique_solutions" : [ "132458697857691342964723581513946278628175934749382156271534869396817425485269713" ],
"avg_number_of_steps" : 12198.4,
"avg_failure_to_success_ratio" : 2854,
"avg_candidates_for_picked_cell" : 4,
"avg_median_of_candidates_for_cell" : 4.19942
}