{"id" : 1389,
"original_sudoku" : "030608000047000000000010890070000180000802300600000050000401500008020006010000000",
"givens_to_empty_ratio" : 0.396552,
"unique_solutions" : [ "931648275847295631526713894375964182194852367682137459769481523458329716213576948" ],
"avg_number_of_steps" : 46593.2,
"avg_failure_to_success_ratio" : 10915.8,
"avg_candidates_for_picked_cell" : 4,
"avg_median_of_candidates_for_cell" : 4.19867
}