{"id" : 1408,
"original_sudoku" : "050806000000000027000300000060500800700001000400000000200070000000000380000040000",
"givens_to_empty_ratio" : 0.265625,
"unique_solutions" : [ "957826413813459627624317958362594871785631249491782536248973165179265384536148792" ],
"avg_number_of_steps" : 78772.6,
"avg_failure_to_success_ratio" : 21085.4,
"avg_candidates_for_picked_cell" : 4,
"avg_median_of_candidates_for_cell" : 4.23972
}