{"id" : 143,
"original_sudoku" : "300400080000050200000000000152000000070010000000900060015000700600304000000000000",
"givens_to_empty_ratio" : 0.285714,
"unique_solutions" : [ "321497685794658213568132974152746398976813452843925167415289736689374521237561849" ],
"avg_number_of_steps" : 58146.8,
"avg_failure_to_success_ratio" : 14860,
"avg_candidates_for_picked_cell" : 4,
"avg_median_of_candidates_for_cell" : 4.22636
}