{"id" : 1431,
"original_sudoku" : "000450020102000004009000000007000310001205900000000008000007006008090100390100000",
"givens_to_empty_ratio" : 0.396552,
"unique_solutions" : [ "836451729152879634749623581567984312481235967923716458215347896678592143394168275" ],
"avg_number_of_steps" : 9631.4,
"avg_failure_to_success_ratio" : 2367,
"avg_candidates_for_picked_cell" : 4,
"avg_median_of_candidates_for_cell" : 4.21798
}