{"id" : 1446,
"original_sudoku" : "050081200000500000009000500000003008010000009008090410400038760807060000030000000",
"givens_to_empty_ratio" : 0.421053,
"unique_solutions" : [ "753481296264579183189326547942713658516842379378695412495238761827164935631957824" ],
"avg_number_of_steps" : 11282.6,
"avg_failure_to_success_ratio" : 2831.4,
"avg_candidates_for_picked_cell" : 4,
"avg_median_of_candidates_for_cell" : 4.21777
}