{"id" : 1458,
"original_sudoku" : "600300200007000049000000000320600000000000087100000000000047000050000300000090000",
"givens_to_empty_ratio" : 0.265625,
"unique_solutions" : [ "645389271237165849981724563328671495596432187174958632813247956759816324462593718" ],
"avg_number_of_steps" : 559558,
"avg_failure_to_success_ratio" : 144905,
"avg_candidates_for_picked_cell" : 4,
"avg_median_of_candidates_for_cell" : 4.23183
}