{"id" : 146,
"original_sudoku" : "020000074098010000000000000700305006000020900100000000000000830000607000000400000",
"givens_to_empty_ratio" : 0.285714,
"unique_solutions" : [ "521869374498713625367542198749385216836124957152976483674251839283697541915438762" ],
"avg_number_of_steps" : 143191,
"avg_failure_to_success_ratio" : 35884.4,
"avg_candidates_for_picked_cell" : 4,
"avg_median_of_candidates_for_cell" : 4.21807
}