{"id" : 149,
"original_sudoku" : "805000002000901000300000000060700400200050000000000060000380000040000700090000010",
"givens_to_empty_ratio" : 0.285714,
"unique_solutions" : [ "815674932426931857379528146561793428284156379937842561152387694643219785798465213" ],
"avg_number_of_steps" : 42382,
"avg_failure_to_success_ratio" : 10281.4,
"avg_candidates_for_picked_cell" : 4,
"avg_median_of_candidates_for_cell" : 4.20895
}