{"id" : 160,
"original_sudoku" : "630200000000000085700000000091000000000800040000700600200000300000010004000095000",
"givens_to_empty_ratio" : 0.285714,
"unique_solutions" : [ "638257419142963785759184263491526837567831942823749651215478396986312574374695128" ],
"avg_number_of_steps" : 91836,
"avg_failure_to_success_ratio" : 22771.2,
"avg_candidates_for_picked_cell" : 4,
"avg_median_of_candidates_for_cell" : 4.21663
}