{"id" : 168,
"original_sudoku" : "030040000000500090900000020060000800500700000000001000702100000000080306000000400",
"givens_to_empty_ratio" : 0.285714,
"unique_solutions" : [ "635249187821573694974618523267395841518764239493821765742136958159482376386957412" ],
"avg_number_of_steps" : 53811.8,
"avg_failure_to_success_ratio" : 13654.8,
"avg_candidates_for_picked_cell" : 4,
"avg_median_of_candidates_for_cell" : 4.22106
}