{"id" : 180,
"original_sudoku" : "800500400000020090000000000500300100076000000000400000000069024100000300000070000",
"givens_to_empty_ratio" : 0.285714,
"unique_solutions" : [ "827591463435628791691734258542386179376912845918457632783169524169245387254873916" ],
"avg_number_of_steps" : 20860,
"avg_failure_to_success_ratio" : 5088,
"avg_candidates_for_picked_cell" : 4,
"avg_median_of_candidates_for_cell" : 4.20984
}