{"id" : 184,
"original_sudoku" : "019060000200000700000000000300401000000000091000050060000203400051000000000700000",
"givens_to_empty_ratio" : 0.285714,
"unique_solutions" : [ "819567243245139786673824159396481527524376891187952364968213475751648932432795618" ],
"avg_number_of_steps" : 63216,
"avg_failure_to_success_ratio" : 16818,
"avg_candidates_for_picked_cell" : 4,
"avg_median_of_candidates_for_cell" : 4.24001
}