{"id" : 211,
"original_sudoku" : "200400000070000600000500001000800025830090000000000000000060370401000000000000900",
"givens_to_empty_ratio" : 0.285714,
"unique_solutions" : [ "216479583975318642384526791649837125832195467157642839528961374491783256763254918" ],
"avg_number_of_steps" : 59787.6,
"avg_failure_to_success_ratio" : 15438.8,
"avg_candidates_for_picked_cell" : 4,
"avg_median_of_candidates_for_cell" : 4.22812
}