{"id" : 213,
"original_sudoku" : "504000060000021000300000000270090008000500030000000000010000709600400000000000200",
"givens_to_empty_ratio" : 0.285714,
"unique_solutions" : [ "524987163867321594391654872276193458148562937953748621415236789682479315739815246" ],
"avg_number_of_steps" : 122475,
"avg_failure_to_success_ratio" : 32130.4,
"avg_candidates_for_picked_cell" : 4,
"avg_median_of_candidates_for_cell" : 4.23982
}