{"id" : 22,
"original_sudoku" : "805000002000901000300000000060700400200050000000000060000380000040000700010000090",
"givens_to_empty_ratio" : 0.285714,
"unique_solutions" : [ "895476132426931857371825946569713428284659371137248569952387614643192785718564293" ],
"avg_number_of_steps" : 67163.2,
"avg_failure_to_success_ratio" : 15867,
"avg_candidates_for_picked_cell" : 4,
"avg_median_of_candidates_for_cell" : 4.20042
}