{"id" : 220,
"original_sudoku" : "500070000000040600003000090200000701000908000000300000420000500000100080060000000",
"givens_to_empty_ratio" : 0.285714,
"unique_solutions" : [ "596873142812549673743261895289654731637918254154327968428736519375192486961485327" ],
"avg_number_of_steps" : 81042.4,
"avg_failure_to_success_ratio" : 20850.8,
"avg_candidates_for_picked_cell" : 4,
"avg_median_of_candidates_for_cell" : 4.23109
}