{"id" : 248,
"original_sudoku" : "002400000000000098008001600050000826000040700700800050001670000300092000009000000",
"givens_to_empty_ratio" : 0.396552,
"unique_solutions" : [ "562489371417563298938721645154937826896245713723816954241678539385192467679354182" ],
"avg_number_of_steps" : 19527.2,
"avg_failure_to_success_ratio" : 4793.6,
"avg_candidates_for_picked_cell" : 4,
"avg_median_of_candidates_for_cell" : 4.21541
}