{"id" : 258,
"original_sudoku" : "020400009400180000000062050000006300300940500000008010000000000802004000964000007",
"givens_to_empty_ratio" : 0.421053,
"unique_solutions" : [ "123457689456189273789362451241576398378941526695238714517693842832714965964825137" ],
"avg_number_of_steps" : 34829.4,
"avg_failure_to_success_ratio" : 8382.4,
"avg_candidates_for_picked_cell" : 4,
"avg_median_of_candidates_for_cell" : 4.20964
}