{"id" : 26,
"original_sudoku" : "805000002000401000300000000060700400200050000000000090000380000010000700090000060",
"givens_to_empty_ratio" : 0.285714,
"unique_solutions" : [ "845967132926431857371528649569713428284659371137842596752386914613294785498175263" ],
"avg_number_of_steps" : 59206,
"avg_failure_to_success_ratio" : 13900.4,
"avg_candidates_for_picked_cell" : 4,
"avg_median_of_candidates_for_cell" : 4.20183
}