{"id" : 268,
"original_sudoku" : "000062090009000005200000401000800106090500070100030000007600008300020600010003000",
"givens_to_empty_ratio" : 0.421053,
"unique_solutions" : [ "581462793439178265276359481753894126892516374164237859927641538348925617615783942" ],
"avg_number_of_steps" : 51404.8,
"avg_failure_to_success_ratio" : 12019.4,
"avg_candidates_for_picked_cell" : 4,
"avg_median_of_candidates_for_cell" : 4.19759
}