{"id" : 277,
"original_sudoku" : "026004000000030080000000070097000500000280000000100000000005609300000400100000000",
"givens_to_empty_ratio" : 0.285714,
"unique_solutions" : [ "726814395951736284483592176897463521514287963632159847248375619379621458165948732" ],
"avg_number_of_steps" : 115567,
"avg_failure_to_success_ratio" : 29122.2,
"avg_candidates_for_picked_cell" : 4,
"avg_median_of_candidates_for_cell" : 4.22265
}