{"id" : 283,
"original_sudoku" : "000201300070000090500000000400090080800000100000300200900070050001600000000000000",
"givens_to_empty_ratio" : 0.285714,
"unique_solutions" : [ "689251347172436895534987621416792583823564179795318264968173452251649738347825916" ],
"avg_number_of_steps" : 311564,
"avg_failure_to_success_ratio" : 73012.4,
"avg_candidates_for_picked_cell" : 4,
"avg_median_of_candidates_for_cell" : 4.19874
}