{"id" : 284,
"original_sudoku" : "047020000800001000030000902000005000600810050000040000070000304000900010400270800",
"givens_to_empty_ratio" : 0.396552,
"unique_solutions" : [ "947326581852491673136587942284735169693812457715649238579168324328954716461273895" ],
"avg_number_of_steps" : 16423.8,
"avg_failure_to_success_ratio" : 3884.4,
"avg_candidates_for_picked_cell" : 4,
"avg_median_of_candidates_for_cell" : 4.20222
}