{"id" : 286,
"original_sudoku" : "200000900000400070000700006905020000000000083100000000000010500036000000040800000",
"givens_to_empty_ratio" : 0.285714,
"unique_solutions" : [ "267538914319462875458791326985123467624957183173684259792316548836245791541879632" ],
"avg_number_of_steps" : 95630.8,
"avg_failure_to_success_ratio" : 23851.6,
"avg_candidates_for_picked_cell" : 4,
"avg_median_of_candidates_for_cell" : 4.21755
}