{"id" : 294,
"original_sudoku" : "602050000000004030000000000430008000010000200000000700500270000000000081000600000",
"givens_to_empty_ratio" : 0.265625,
"unique_solutions" : [ "682153479951764832374892165437528916816947253295316748568271394729435681143689527" ],
"avg_number_of_steps" : 706949,
"avg_failure_to_success_ratio" : 176389,
"avg_candidates_for_picked_cell" : 4,
"avg_median_of_candidates_for_cell" : 4.21777
}