{"id" : 34,
"original_sudoku" : "000903100507000080200000000040000600000050020010000000800070000000600400000300009",
"givens_to_empty_ratio" : 0.285714,
"unique_solutions" : [ "486923157597461283231587946945732618678159324312846795869274531153698472724315869" ],
"avg_number_of_steps" : 64666.4,
"avg_failure_to_success_ratio" : 16896.2,
"avg_candidates_for_picked_cell" : 4,
"avg_median_of_candidates_for_cell" : 4.23499
}