{"id" : 343,
"original_sudoku" : "007008000006020300030000009010050060000010000070900002000000004083004000260000510",
"givens_to_empty_ratio" : 0.372881,
"unique_solutions" : [ "957638421146729385832541679419352768628417953375986142791265834583174296264893517" ],
"avg_number_of_steps" : 32022,
"avg_failure_to_success_ratio" : 7817,
"avg_candidates_for_picked_cell" : 4,
"avg_median_of_candidates_for_cell" : 4.21846
}