{"id" : 351,
"original_sudoku" : "807006002000050000400000900000020067001004000006309004700060080009002000030000500",
"givens_to_empty_ratio" : 0.396552,
"unique_solutions" : [ "857496312913257648462138975394825167581674293276319854725963481149582736638741529" ],
"avg_number_of_steps" : 41057.4,
"avg_failure_to_success_ratio" : 9798.8,
"avg_candidates_for_picked_cell" : 4,
"avg_median_of_candidates_for_cell" : 4.20305
}