{"id" : 375,
"original_sudoku" : "069107008002000006080000100000700032090008000006300800070004000000050040500006000",
"givens_to_empty_ratio" : 0.396552,
"unique_solutions" : [ "369127458152489376487635129845791632293568714716342895978214563621853947534976281" ],
"avg_number_of_steps" : 46938.8,
"avg_failure_to_success_ratio" : 11447.6,
"avg_candidates_for_picked_cell" : 4,
"avg_median_of_candidates_for_cell" : 4.21225
}