{"id" : 404,
"original_sudoku" : "800406000030200400040050078069005020300000000000600017520000030000003600000002009",
"givens_to_empty_ratio" : 0.446429,
"unique_solutions" : [ "852476391137298465946351278469715823371829546285634917528967134794183652613542789" ],
"avg_number_of_steps" : 16376,
"avg_failure_to_success_ratio" : 3682,
"avg_candidates_for_picked_cell" : 4,
"avg_median_of_candidates_for_cell" : 4.18858
}