{"id" : 424,
"original_sudoku" : "005700900000800004010000020400002000063180000000003760950000000008540300000006080",
"givens_to_empty_ratio" : 0.421053,
"unique_solutions" : [ "645721938392865174817934625471692853563187492289453761956318247728549316134276589" ],
"avg_number_of_steps" : 22060.8,
"avg_failure_to_success_ratio" : 5232.2,
"avg_candidates_for_picked_cell" : 4,
"avg_median_of_candidates_for_cell" : 4.20325
}