{"id" : 426,
"original_sudoku" : "820000007004010000000009050000000390010450000208030000070004006000005000100200840",
"givens_to_empty_ratio" : 0.396552,
"unique_solutions" : [ "829546137754318269631729458547862391913457682268931574375184926482695713196273845" ],
"avg_number_of_steps" : 51832.8,
"avg_failure_to_success_ratio" : 13018.6,
"avg_candidates_for_picked_cell" : 4,
"avg_median_of_candidates_for_cell" : 4.22382
}