{"id" : 45,
"original_sudoku" : "700000480000601000000000020000300605200080000000000000053000001060100000000040700",
"givens_to_empty_ratio" : 0.285714,
"unique_solutions" : [ "712935486384621597596874123849312675235786914671459238953267841467198352128543769" ],
"avg_number_of_steps" : 122497,
"avg_failure_to_success_ratio" : 32288,
"avg_candidates_for_picked_cell" : 4,
"avg_median_of_candidates_for_cell" : 4.23718
}