{"id" : 455,
"original_sudoku" : "004000230000072000000000106203000000100086003000704000000060090090000000060048500",
"givens_to_empty_ratio" : 0.372881,
"unique_solutions" : [ "674819235531672489829453176283195764147286953956734821418567392795321648362948517" ],
"avg_number_of_steps" : 56156.6,
"avg_failure_to_success_ratio" : 13679.8,
"avg_candidates_for_picked_cell" : 4,
"avg_median_of_candidates_for_cell" : 4.21462
}