{"id" : 471,
"original_sudoku" : "000020403000100700085000000300700000000400010060000000000018000403000000000600050",
"givens_to_empty_ratio" : 0.285714,
"unique_solutions" : [ "691527483234186795785943162349761528852439617167852934576318249413295876928674351" ],
"avg_number_of_steps" : 183144,
"avg_failure_to_success_ratio" : 45075,
"avg_candidates_for_picked_cell" : 4,
"avg_median_of_candidates_for_cell" : 4.21251
}