{"id" : 476,
"original_sudoku" : "000000071020800000000403000700060050000200300900000000600070000080000400000050000",
"givens_to_empty_ratio" : 0.265625,
"unique_solutions" : [ "349526871521897643876413529718369254465281397932745186654178932187932465293654718" ],
"avg_number_of_steps" : 63268.4,
"avg_failure_to_success_ratio" : 16056.8,
"avg_candidates_for_picked_cell" : 4,
"avg_median_of_candidates_for_cell" : 4.22415
}