{"id" : 485,
"original_sudoku" : "500003080000401000400007003000080064090000230200070000950000000300040700007008009",
"givens_to_empty_ratio" : 0.421053,
"unique_solutions" : [ "571293486683451972429867513735982164894615237216374895958726341362149758147538629" ],
"avg_number_of_steps" : 39095.8,
"avg_failure_to_success_ratio" : 9487,
"avg_candidates_for_picked_cell" : 4,
"avg_median_of_candidates_for_cell" : 4.21268
}