{"id" : 527,
"original_sudoku" : "500060000000000583003090400600040100000710000070002000050001020400500600089000000",
"givens_to_empty_ratio" : 0.396552,
"unique_solutions" : [ "547863912962174583813295467628349175395718246174652839756981324431527698289436751" ],
"avg_number_of_steps" : 11558.8,
"avg_failure_to_success_ratio" : 2819.8,
"avg_candidates_for_picked_cell" : 4,
"avg_median_of_candidates_for_cell" : 4.21475
}