{"id" : 53,
"original_sudoku" : "403000002000701000900000000000500810200030000080000000000940000070000600060000050",
"givens_to_empty_ratio" : 0.285714,
"unique_solutions" : [ "413865972628791345957324168396572814241638597785419236532946781874153629169287453" ],
"avg_number_of_steps" : 41878.8,
"avg_failure_to_success_ratio" : 10490.4,
"avg_candidates_for_picked_cell" : 4,
"avg_median_of_candidates_for_cell" : 4.21826
}