{"id" : 533,
"original_sudoku" : "000000005040000070076104300085060000000000051060200000002000009000408000003700010",
"givens_to_empty_ratio" : 0.372881,
"unique_solutions" : [ "139872465548693172276154398785961234924387651361245987812536749697418523453729816" ],
"avg_number_of_steps" : 35602.4,
"avg_failure_to_success_ratio" : 7997.8,
"avg_candidates_for_picked_cell" : 4,
"avg_median_of_candidates_for_cell" : 4.18681
}