{"id" : 55,
"original_sudoku" : "480300000000000071020000000705000060000200800000000000001076000300000400000050000",
"givens_to_empty_ratio" : 0.265625,
"unique_solutions" : [ "487312695593684271126597384735849162914265837268731549851476923379128456642953718" ],
"avg_number_of_steps" : 186636,
"avg_failure_to_success_ratio" : 49521.6,
"avg_candidates_for_picked_cell" : 4,
"avg_median_of_candidates_for_cell" : 4.24576
}