{"id" : 56,
"original_sudoku" : "708020000000000091300000000046000000000030700000500000050906000000400010200000800",
"givens_to_empty_ratio" : 0.285714,
"unique_solutions" : [ "798123645462758391315649287546297138921834756837561924153986472689472513274315869" ],
"avg_number_of_steps" : 72059.2,
"avg_failure_to_success_ratio" : 18426.2,
"avg_candidates_for_picked_cell" : 4,
"avg_median_of_candidates_for_cell" : 4.22503
}