{"id" : 565,
"original_sudoku" : "050000008800203000003001040230004050600000700008090000006540080007000100000000030",
"givens_to_empty_ratio" : 0.396552,
"unique_solutions" : [ "152469378874253691963781542231674859695328714748195263316542987487936125529817436" ],
"avg_number_of_steps" : 22812.8,
"avg_failure_to_success_ratio" : 5437,
"avg_candidates_for_picked_cell" : 4,
"avg_median_of_candidates_for_cell" : 4.20573
}