{"id" : 566,
"original_sudoku" : "000006900020000600000750024004000009002003060590000000080000700050010008100039000",
"givens_to_empty_ratio" : 0.396552,
"unique_solutions" : [ "438126975725394681961758324674582139812943567593671842289465713356217498147839256" ],
"avg_number_of_steps" : 20945.4,
"avg_failure_to_success_ratio" : 5035.4,
"avg_candidates_for_picked_cell" : 4,
"avg_median_of_candidates_for_cell" : 4.20737
}