{"id" : 567,
"original_sudoku" : "300700020008040009000050001002400000500030400000008030004600000900203000010000067",
"givens_to_empty_ratio" : 0.396552,
"unique_solutions" : [ "345791628128346759697852341832469175569137482471528936784615293956273814213984567" ],
"avg_number_of_steps" : 22339.2,
"avg_failure_to_success_ratio" : 5226.4,
"avg_candidates_for_picked_cell" : 4,
"avg_median_of_candidates_for_cell" : 4.20048
}