{"id" : 589,
"original_sudoku" : "040701000010000090009080700506000030100006000000020800008000004050030020070500009",
"givens_to_empty_ratio" : 0.396552,
"unique_solutions" : [ "345791286817265493269384751586479132123856947794123865938612574451937628672548319" ],
"avg_number_of_steps" : 46566,
"avg_failure_to_success_ratio" : 10756.2,
"avg_candidates_for_picked_cell" : 4,
"avg_median_of_candidates_for_cell" : 4.19713
}