{"id" : 59,
"original_sudoku" : "805000002000901000300000000060700400200050000000000060000380000040000600090000070",
"givens_to_empty_ratio" : 0.285714,
"unique_solutions" : [ "815674392426931857379528146561793428284156739937842561652387914743219685198465273" ],
"avg_number_of_steps" : 67573.4,
"avg_failure_to_success_ratio" : 15896.6,
"avg_candidates_for_picked_cell" : 4,
"avg_median_of_candidates_for_cell" : 4.19941
}