{"id" : 608,
"original_sudoku" : "000003010000807002800600000000000000069000700020008060004302900001700004308900000",
"givens_to_empty_ratio" : 0.396552,
"unique_solutions" : [ "742593816916847532835621497487169253169235748523478169654382971291756384378914625" ],
"avg_number_of_steps" : 31751.8,
"avg_failure_to_success_ratio" : 7416.6,
"avg_candidates_for_picked_cell" : 4,
"avg_median_of_candidates_for_cell" : 4.19597
}