{"id" : 662,
"original_sudoku" : "000010000090208706000006850005400000604300070089000500000000000300007280040100000",
"givens_to_empty_ratio" : 0.421053,
"unique_solutions" : [ "568713492491258736273946851135479628624385179789621543952864317316597284847132965" ],
"avg_number_of_steps" : 9308.2,
"avg_failure_to_success_ratio" : 2101.8,
"avg_candidates_for_picked_cell" : 4,
"avg_median_of_candidates_for_cell" : 4.18862
}