{"id" : 686,
"original_sudoku" : "060000070870300590005400200009056400000900080207800000700004002008000710000000009",
"givens_to_empty_ratio" : 0.472727,
"unique_solutions" : [ "164295378872361594935478261389156427546927183217843956791584632428639715653712849" ],
"avg_number_of_steps" : 7695.6,
"avg_failure_to_success_ratio" : 1721,
"avg_candidates_for_picked_cell" : 4,
"avg_median_of_candidates_for_cell" : 4.18537
}