{"id" : 73,
"original_sudoku" : "420000036000030800000000000708010000000000054003000000050406000100000700000200000",
"givens_to_empty_ratio" : 0.285714,
"unique_solutions" : [ "421789536975632841386145297748513629219867354563924178852476913194358762637291485" ],
"avg_number_of_steps" : 282380,
"avg_failure_to_success_ratio" : 72735.4,
"avg_candidates_for_picked_cell" : 4,
"avg_median_of_candidates_for_cell" : 4.23117
}