{"id" : 734,
"original_sudoku" : "002000005100023080900700001000030052006000008090100600708069500000000030040057000",
"givens_to_empty_ratio" : 0.472727,
"unique_solutions" : [ "872491365154623987963785241487936152316572498295148673738269514529814736641357829" ],
"avg_number_of_steps" : 17615.2,
"avg_failure_to_success_ratio" : 4028.2,
"avg_candidates_for_picked_cell" : 4,
"avg_median_of_candidates_for_cell" : 4.19992
}