{"id" : 748,
"original_sudoku" : "000000000206050040050004300000040000070560900009028060600000021307000085000080000",
"givens_to_empty_ratio" : 0.421053,
"unique_solutions" : [ "914836572236157849758294316163749258872561934549328167685973421397412685421685793" ],
"avg_number_of_steps" : 13894.8,
"avg_failure_to_success_ratio" : 3245.8,
"avg_candidates_for_picked_cell" : 4,
"avg_median_of_candidates_for_cell" : 4.19804
}