{"id" : 77,
"original_sudoku" : "700000400020070080003008009000500300060020090001007006000300900030040060009001005",
"givens_to_empty_ratio" : 0.421053,
"unique_solutions" : [ "798635421126974583453218679972586314564123897381497256617352948835749162249861735" ],
"avg_number_of_steps" : 34824,
"avg_failure_to_success_ratio" : 8466.4,
"avg_candidates_for_picked_cell" : 4,
"avg_median_of_candidates_for_cell" : 4.21495
}