{"id" : 787,
"original_sudoku" : "140000006007000930003000000005070090300410500090800000020008600000007850000100004",
"givens_to_empty_ratio" : 0.421053,
"unique_solutions" : [ "142593786857624931963781245215376498378419562496852173524938617631247859789165324" ],
"avg_number_of_steps" : 20406.4,
"avg_failure_to_success_ratio" : 4883.6,
"avg_candidates_for_picked_cell" : 4,
"avg_median_of_candidates_for_cell" : 4.20764
}