{"id" : 790,
"original_sudoku" : "020080007006009000000050480003000040500060200670100003001400000000017000080000060",
"givens_to_empty_ratio" : 0.396552,
"unique_solutions" : [ "125384697846279531937651482213598746594763218678142953351426879469817325782935164" ],
"avg_number_of_steps" : 26717.8,
"avg_failure_to_success_ratio" : 6556.6,
"avg_candidates_for_picked_cell" : 4,
"avg_median_of_candidates_for_cell" : 4.21636
}