{"id" : 805,
"original_sudoku" : "000000000060000312000085070057003006900010200030000000600090800300001700090007001",
"givens_to_empty_ratio" : 0.421053,
"unique_solutions" : [ "719362458568479312423185679157243986946718235832956147671594823385621794294837561" ],
"avg_number_of_steps" : 17851.4,
"avg_failure_to_success_ratio" : 4237.6,
"avg_candidates_for_picked_cell" : 4,
"avg_median_of_candidates_for_cell" : 4.20674
}