{"id" : 83,
"original_sudoku" : "700000480000601000000000020000300605200080000000000000063000001050100000000040700",
"givens_to_empty_ratio" : 0.285714,
"unique_solutions" : [ "712935486384621597596874123849312675235786914671459238463297851957168342128543769" ],
"avg_number_of_steps" : 114901,
"avg_failure_to_success_ratio" : 30333.2,
"avg_candidates_for_picked_cell" : 4,
"avg_median_of_candidates_for_cell" : 4.24358
}