{"id" : 84,
"original_sudoku" : "560020000003000900000000000000070056100000020008400000000308400710000000000900000",
"givens_to_empty_ratio" : 0.285714,
"unique_solutions" : [ "561729348423681975897534261942173856135896724678452139256318497719245683384967512" ],
"avg_number_of_steps" : 208283,
"avg_failure_to_success_ratio" : 53341.6,
"avg_candidates_for_picked_cell" : 4,
"avg_median_of_candidates_for_cell" : 4.22539
}