{"id" : 85,
"original_sudoku" : "000000410900300000300020000048007000000000062010000000500200006070000800000090000",
"givens_to_empty_ratio" : 0.285714,
"unique_solutions" : [ "827659413964318257351724698248167935793485162615932784589271346176543829432896571" ],
"avg_number_of_steps" : 133275,
"avg_failure_to_success_ratio" : 32854.8,
"avg_candidates_for_picked_cell" : 4,
"avg_median_of_candidates_for_cell" : 4.21324
}