{"id" : 861,
"original_sudoku" : "000030901028090000700500000080000000504900000910050070000000604000600000300070050",
"givens_to_empty_ratio" : 0.372881,
"unique_solutions" : [ "465732981128496735739581462683127549574968213912354876257813694891645327346279158" ],
"avg_number_of_steps" : 36697.4,
"avg_failure_to_success_ratio" : 8883.2,
"avg_candidates_for_picked_cell" : 4,
"avg_median_of_candidates_for_cell" : 4.20644
}