{"id" : 88,
"original_sudoku" : "700030000000050600004000090200000701000908000000400000530000200000100080060000000",
"givens_to_empty_ratio" : 0.285714,
"unique_solutions" : [ "796834125812759634354216897289365741145978362673421958538647219427193586961582473" ],
"avg_number_of_steps" : 116555,
"avg_failure_to_success_ratio" : 29211.2,
"avg_candidates_for_picked_cell" : 4,
"avg_median_of_candidates_for_cell" : 4.21994
}