{"id" : 903,
"original_sudoku" : "670008000000400700020007600002000040003080091000170800000001050030050000005000002",
"givens_to_empty_ratio" : 0.396552,
"unique_solutions" : [ "674328915391465728528917634812693547763584291459172863286741359137259486945836172" ],
"avg_number_of_steps" : 19886.6,
"avg_failure_to_success_ratio" : 4781,
"avg_candidates_for_picked_cell" : 4,
"avg_median_of_candidates_for_cell" : 4.20716
}