{"id" : 929,
"original_sudoku" : "000040001004060030000900006000500000986070000500000002002007300693000050000400000",
"givens_to_empty_ratio" : 0.372881,
"unique_solutions" : [ "269743581154268937378915426421596873986372145537184692842657319693821754715439268" ],
"avg_number_of_steps" : 29737,
"avg_failure_to_success_ratio" : 7527.6,
"avg_candidates_for_picked_cell" : 4,
"avg_median_of_candidates_for_cell" : 4.22658
}