{"id" : 931,
"original_sudoku" : "700050000000784030000001000040000071007000009029400050800016000030000605000000200",
"givens_to_empty_ratio" : 0.396552,
"unique_solutions" : [ "713652984965784132284931567648295371357168429129473856892516743431827695576349218" ],
"avg_number_of_steps" : 20106.2,
"avg_failure_to_success_ratio" : 4666.8,
"avg_candidates_for_picked_cell" : 4,
"avg_median_of_candidates_for_cell" : 4.19868
}