{"id" : 940,
"original_sudoku" : "907050080020000000005703001000072000000000812003980050000000460090000000608300070",
"givens_to_empty_ratio" : 0.446429,
"unique_solutions" : [ "937251684124698537865743291586172943479536812213984756352817469791465328648329175" ],
"avg_number_of_steps" : 19206.4,
"avg_failure_to_success_ratio" : 4583,
"avg_candidates_for_picked_cell" : 4,
"avg_median_of_candidates_for_cell" : 4.21338
}