{"id" : 964,
"original_sudoku" : "004000006900700800086004050009003070000800200208006040010008000005000009000200000",
"givens_to_empty_ratio" : 0.396552,
"unique_solutions" : [ "724581396953762814186394752569423178341879265278156943612948537835617429497235681" ],
"avg_number_of_steps" : 25325.6,
"avg_failure_to_success_ratio" : 6107,
"avg_candidates_for_picked_cell" : 4,
"avg_median_of_candidates_for_cell" : 4.20906
}