{"id" : 99,
"original_sudoku" : "060020001000300070010000000304900000700000200000000508000058600000000040900000000",
"givens_to_empty_ratio" : 0.285714,
"unique_solutions" : [ "863427951549361872217895463354982716786513294192674538431758629678239145925146387" ],
"avg_number_of_steps" : 57831.2,
"avg_failure_to_success_ratio" : 14982.4,
"avg_candidates_for_picked_cell" : 4,
"avg_median_of_candidates_for_cell" : 4.23283
}