{"id" : 990,
"original_sudoku" : "007040090008300100300100000000230006000000800000006700060010002002007900410000000",
"givens_to_empty_ratio" : 0.372881,
"unique_solutions" : [ "127645398598372164346189275971238456654791823283456719769814532832567941415923687" ],
"avg_number_of_steps" : 35572.4,
"avg_failure_to_success_ratio" : 8421.6,
"avg_candidates_for_picked_cell" : 4,
"avg_median_of_candidates_for_cell" : 4.20197
}