{"id" : 999,
"original_sudoku" : "006350000800400000030020050370080604000030090400000008000067000000500040080000702",
"givens_to_empty_ratio" : 0.421053,
"unique_solutions" : [ "146359287852471936937628451379185624628734195415296378294867513763512849581943762" ],
"avg_number_of_steps" : 25289.6,
"avg_failure_to_success_ratio" : 5872.4,
"avg_candidates_for_picked_cell" : 4,
"avg_median_of_candidates_for_cell" : 4.19484
}