{"id" : 1,
"original_sudoku" : "100070024020310650000504030040000580060005000000000000700600803000050060001400700",
"givens_to_empty_ratio" : 0.472727,
"unique_solutions" : [ "135876924428319657976524138243167589867945312519283476752691843394758261681432795" ],
"avg_number_of_steps" : 686.4,
"avg_failure_to_success_ratio" : 163.4,
"avg_candidates_for_picked_cell" : 4,
"avg_median_of_candidates_for_cell" : 4.17509
}