{"id" : 1,
"original_sudoku" : "003020600900305001001806400008102900700000008006708200002609500800203009005010300",
"givens_to_empty_ratio" : 0.653061,
"unique_solutions" : [ "483921657967345821251876493548132976729564138136798245372689514814253769695417382" ],
"avg_number_of_steps" : 164.2,
"avg_failure_to_success_ratio" : 26.4,
"avg_candidates_for_picked_cell" : 4,
"avg_median_of_candidates_for_cell" : 4.09024
}