{"id" : 10,
"original_sudoku" : "001900003900700160030005007050000009004302600200000070600100030042007006500006800",
"givens_to_empty_ratio" : 0.528302,
"unique_solutions" : [ "761928453925743168438615927357461289894372615216589374689154732142837596573296841" ],
"avg_number_of_steps" : 4875.2,
"avg_failure_to_success_ratio" : 1284,
"avg_candidates_for_picked_cell" : 4,
"avg_median_of_candidates_for_cell" : 4.25432
}