{"id" : 1002,
"original_sudoku" : "000009060000000080000601500300000600700080150850400970480305000000064000000900710",
"givens_to_empty_ratio" : 0.472727,
"unique_solutions" : [ "527849361163752489948631527312597648794286153856413972481375296279164835635928714" ],
"avg_number_of_steps" : 449.2,
"avg_failure_to_success_ratio" : 87,
"avg_candidates_for_picked_cell" : 4,
"avg_median_of_candidates_for_cell" : 4.14941
}