{"id" : 1004,
"original_sudoku" : "605000000420069000078000000030004800002000300000700000340500070006807009900023500",
"givens_to_empty_ratio" : 0.472727,
"unique_solutions" : [ "695378124423169785178245693739654812562981347814732956341596278256817439987423561" ],
"avg_number_of_steps" : 214.4,
"avg_failure_to_success_ratio" : 38.6,
"avg_candidates_for_picked_cell" : 4,
"avg_median_of_candidates_for_cell" : 4.12652
}