{"id" : 103,
"original_sudoku" : "900000007000340061000008000047050000830100004100860003000000000004516000689000000",
"givens_to_empty_ratio" : 0.446429,
"unique_solutions" : [ "953621487728345961461798352247953618836172594195864273512489736374516829689237145" ],
"avg_number_of_steps" : 502.2,
"avg_failure_to_success_ratio" : 100.8,
"avg_candidates_for_picked_cell" : 4,
"avg_median_of_candidates_for_cell" : 4.16693
}