{"id" : 1052,
"original_sudoku" : "004090050000000007007000061080016000705020009960400200000000080000207004000800705",
"givens_to_empty_ratio" : 0.446429,
"unique_solutions" : [ "634791852591682437827543961482916573715328649963475218279154386358267194146839725" ],
"avg_number_of_steps" : 206.2,
"avg_failure_to_success_ratio" : 37.8,
"avg_candidates_for_picked_cell" : 4,
"avg_median_of_candidates_for_cell" : 4.14929
}