{"id" : 1094,
"original_sudoku" : "000092405000000090000084000000000039050001200009000578000008004800735000700400010",
"givens_to_empty_ratio" : 0.446429,
"unique_solutions" : [ "176392485284567391593184627427856139358971246619243578932618754841735962765429813" ],
"avg_number_of_steps" : 332.2,
"avg_failure_to_success_ratio" : 69.8,
"avg_candidates_for_picked_cell" : 4,
"avg_median_of_candidates_for_cell" : 4.17663
}