{"id" : 1095,
"original_sudoku" : "003700050100003708000080004500204001000000042000001000350090070780000000402800000",
"givens_to_empty_ratio" : 0.446429,
"unique_solutions" : [ "823746159194523768675189234538274691917368542246951387351492876789615423462837915" ],
"avg_number_of_steps" : 565,
"avg_failure_to_success_ratio" : 136.8,
"avg_candidates_for_picked_cell" : 4,
"avg_median_of_candidates_for_cell" : 4.19077
}