{"id" : 1097,
"original_sudoku" : "090020105400050600031000407004090000026000300010307000000002000279040000000000060",
"givens_to_empty_ratio" : 0.446429,
"unique_solutions" : [ "697423185482751639531689427354298716726514398918367542165832974279146853843975261" ],
"avg_number_of_steps" : 466.6,
"avg_failure_to_success_ratio" : 90.6,
"avg_candidates_for_picked_cell" : 4,
"avg_median_of_candidates_for_cell" : 4.16618
}