{"id" : 11,
"original_sudoku" : "000125400008400000420800000030000095060902010510000060000003049000007200001298000",
"givens_to_empty_ratio" : 0.528302,
"unique_solutions" : [ "976125438158436927423879156234761895867952314519384762782513649395647281641298573" ],
"avg_number_of_steps" : 2020,
"avg_failure_to_success_ratio" : 495.8,
"avg_candidates_for_picked_cell" : 4,
"avg_median_of_candidates_for_cell" : 4.21139
}