{"id" : 1112,
"original_sudoku" : "000000006000002000000000038020800607700000003569007040006025009080034000040600025",
"givens_to_empty_ratio" : 0.472727,
"unique_solutions" : [ "192483576837562194654791238423859617718246953569317842376125489285934761941678325" ],
"avg_number_of_steps" : 221.8,
"avg_failure_to_success_ratio" : 40.4,
"avg_candidates_for_picked_cell" : 4,
"avg_median_of_candidates_for_cell" : 4.13595
}