{"id" : 1174,
"original_sudoku" : "006000002500010960000800000070000100800009320105720008952000700310000080000000000",
"givens_to_empty_ratio" : 0.446429,
"unique_solutions" : [ "796345812583217964421896573279638145864159327135724698952481736317562489648973251" ],
"avg_number_of_steps" : 870.4,
"avg_failure_to_success_ratio" : 196,
"avg_candidates_for_picked_cell" : 4,
"avg_median_of_candidates_for_cell" : 4.16865
}