{"id" : 1231,
"original_sudoku" : "300050090800200007000001200170890430200003700000700008000035000000470900000000010",
"givens_to_empty_ratio" : 0.446429,
"unique_solutions" : [ "324657891861249357795381246176892435248513769953764128489135672512476983637928514" ],
"avg_number_of_steps" : 240.2,
"avg_failure_to_success_ratio" : 53,
"avg_candidates_for_picked_cell" : 4,
"avg_median_of_candidates_for_cell" : 4.19251
}