{"id" : 1251,
"original_sudoku" : "000037019070180650304600870046050000050863000903000080090070000461000000000000000",
"givens_to_empty_ratio" : 0.557692,
"unique_solutions" : [ "685237419279184653314695872846952731157863924923741586592376148461528397738419265" ],
"avg_number_of_steps" : 206.2,
"avg_failure_to_success_ratio" : 39.8,
"avg_candidates_for_picked_cell" : 4,
"avg_median_of_candidates_for_cell" : 4.16517
}