{"id" : 127,
"original_sudoku" : "000000000000004009020070000001408002460000100000500900087002040914800020500006700",
"givens_to_empty_ratio" : 0.446429,
"unique_solutions" : [ "146295837753684219829371456391468572465729183278513964687952341914837625532146798" ],
"avg_number_of_steps" : 465.2,
"avg_failure_to_success_ratio" : 96.8,
"avg_candidates_for_picked_cell" : 4,
"avg_median_of_candidates_for_cell" : 4.18002
}