{"id" : 13,
"original_sudoku" : "050000000000000700009000632390705108008036500700810090000000300207000005030002810",
"givens_to_empty_ratio" : 0.528302,
"unique_solutions" : [ "653279481812643759479158632394725168128936574765814293941587326287361945536492817" ],
"avg_number_of_steps" : 234.6,
"avg_failure_to_success_ratio" : 51.4,
"avg_candidates_for_picked_cell" : 4,
"avg_median_of_candidates_for_cell" : 4.18956
}