{"id" : 1330,
"original_sudoku" : "000004302900070000050000000040080000390050028500400073075048000603002000080700000",
"givens_to_empty_ratio" : 0.472727,
"unique_solutions" : [ "867914352932875614154326789741283596396157428528469173275648931613592847489731265" ],
"avg_number_of_steps" : 295.6,
"avg_failure_to_success_ratio" : 73,
"avg_candidates_for_picked_cell" : 4,
"avg_median_of_candidates_for_cell" : 4.19152
}