{"id" : 1345,
"original_sudoku" : "560000000004103206302000009000490057000020000009000000005900130000540000000607000",
"givens_to_empty_ratio" : 0.421053,
"unique_solutions" : [ "568279413794153286312864579126498357857326941439715628675982134983541762241637895" ],
"avg_number_of_steps" : 692.8,
"avg_failure_to_success_ratio" : 145.4,
"avg_candidates_for_picked_cell" : 4,
"avg_median_of_candidates_for_cell" : 4.17275
}