{"id" : 1346,
"original_sudoku" : "007400000040600729061003080824060070900070600000040803000100090006000000000000030",
"givens_to_empty_ratio" : 0.472727,
"unique_solutions" : [ "597482361348615729261793584824361975913578642675249813732156498186934257459827136" ],
"avg_number_of_steps" : 246.8,
"avg_failure_to_success_ratio" : 48.2,
"avg_candidates_for_picked_cell" : 4,
"avg_median_of_candidates_for_cell" : 4.13063
}