{"id" : 1347,
"original_sudoku" : "900050027200604300050030060000700000020000090040000080407020000030508006590070000",
"givens_to_empty_ratio" : 0.472727,
"unique_solutions" : [ "963851427271694358854237169615789234328465791749312685487926513132548976596173842" ],
"avg_number_of_steps" : 309.8,
"avg_failure_to_success_ratio" : 71.6,
"avg_candidates_for_picked_cell" : 4,
"avg_median_of_candidates_for_cell" : 4.19568
}