{"id" : 1362,
"original_sudoku" : "000407000900000050000000000540000009207300045000010060059030002023009070000006000",
"givens_to_empty_ratio" : 0.396552,
"unique_solutions" : [ "815467923972183654436925718541672839267398145398514267659731482123849576784256391" ],
"avg_number_of_steps" : 350.8,
"avg_failure_to_success_ratio" : 75.4,
"avg_candidates_for_picked_cell" : 4,
"avg_median_of_candidates_for_cell" : 4.17587
}