{"id" : 1376,
"original_sudoku" : "087600002040000060002400001000060000000000070010000034070010008065073040200080000",
"givens_to_empty_ratio" : 0.421053,
"unique_solutions" : [ "387651492149728563652439781428367915593142876716895234974516328865273149231984657" ],
"avg_number_of_steps" : 475.6,
"avg_failure_to_success_ratio" : 100.6,
"avg_candidates_for_picked_cell" : 4,
"avg_median_of_candidates_for_cell" : 4.18461
}