{"id" : 1383,
"original_sudoku" : "000401000005900000040000530034800000019007000270005300000090075008703042020000000",
"givens_to_empty_ratio" : 0.472727,
"unique_solutions" : [ "693451287785932164142678539534869721819327456276145398361294875958713642427586913" ],
"avg_number_of_steps" : 590.8,
"avg_failure_to_success_ratio" : 135.4,
"avg_candidates_for_picked_cell" : 4,
"avg_median_of_candidates_for_cell" : 4.16072
}