{"id" : 1385,
"original_sudoku" : "004201598000060000070980000000000709000102000090400025600040800000008170000000054",
"givens_to_empty_ratio" : 0.472727,
"unique_solutions" : [ "364271598981365247572984361243856719756192483198437625615749832439528176827613954" ],
"avg_number_of_steps" : 180.8,
"avg_failure_to_success_ratio" : 35.8,
"avg_candidates_for_picked_cell" : 4,
"avg_median_of_candidates_for_cell" : 4.15321
}