{"id" : 14,
"original_sudoku" : "001060007004000020000000000009000430007500001040002006092005300005370100106009004",
"givens_to_empty_ratio" : 0.472727,
"unique_solutions" : [ "951263847874951623623748519219687435367594281548132976792415368485376192136829754" ],
"avg_number_of_steps" : 719.8,
"avg_failure_to_success_ratio" : 171.2,
"avg_candidates_for_picked_cell" : 4,
"avg_median_of_candidates_for_cell" : 4.20092
}