{"id" : 1401,
"original_sudoku" : "020030000000000007000000000009000084005060020230050090690025040750400006804600000",
"givens_to_empty_ratio" : 0.446429,
"unique_solutions" : [ "528137469941286357376549812169372584485961723237854691693725148752418936814693275" ],
"avg_number_of_steps" : 326,
"avg_failure_to_success_ratio" : 67.2,
"avg_candidates_for_picked_cell" : 4,
"avg_median_of_candidates_for_cell" : 4.16253
}