{"id" : 1440,
"original_sudoku" : "807051306003008004001604000906000010300000000070000500504000600000000800009070400",
"givens_to_empty_ratio" : 0.446429,
"unique_solutions" : [ "847951326693728154251634987926345718315867249478192563534289671762413895189576432" ],
"avg_number_of_steps" : 343.4,
"avg_failure_to_success_ratio" : 64.6,
"avg_candidates_for_picked_cell" : 4,
"avg_median_of_candidates_for_cell" : 4.12631
}