{"id" : 1457,
"original_sudoku" : "020008400097060203640300100108004000030609002000000007000000000003046008000007900",
"givens_to_empty_ratio" : 0.472727,
"unique_solutions" : [ "321598476897461253645372189168724395734659812259813647482935761973146528516287934" ],
"avg_number_of_steps" : 465.4,
"avg_failure_to_success_ratio" : 95.8,
"avg_candidates_for_picked_cell" : 4,
"avg_median_of_candidates_for_cell" : 4.15251
}