{"id" : 15,
"original_sudoku" : "000020040008035000000070602031046970200000000000501203049000730000000010800004000",
"givens_to_empty_ratio" : 0.472727,
"unique_solutions" : [ "697128345428635197315479682531246978286397451974581263149852736752963814863714529" ],
"avg_number_of_steps" : 601,
"avg_failure_to_success_ratio" : 130,
"avg_candidates_for_picked_cell" : 4,
"avg_median_of_candidates_for_cell" : 4.18937
}