{"id" : 15,
"original_sudoku" : "000000083500030000002700065000016020003002008000000001006001030000500107300080400",
"givens_to_empty_ratio" : 0.421053,
"unique_solutions" : [ "964125783587639214132748965475816329613972548829354671756491832248563197391287456" ],
"avg_number_of_steps" : 574.6,
"avg_failure_to_success_ratio" : 124.6,
"avg_candidates_for_picked_cell" : 4,
"avg_median_of_candidates_for_cell" : 4.18496
}