{"id" : 152,
"original_sudoku" : "000706802000040600000000010000000100000807023200560400060058300000200060073010004",
"givens_to_empty_ratio" : 0.472727,
"unique_solutions" : [ "195736842728145639346982715587324196614897523239561487962458371451273968873619254" ],
"avg_number_of_steps" : 287.6,
"avg_failure_to_success_ratio" : 54.4,
"avg_candidates_for_picked_cell" : 4,
"avg_median_of_candidates_for_cell" : 4.14004
}