{"id" : 156,
"original_sudoku" : "094000620702006130006020000900000400600000900000001700000080000483002000000790010",
"givens_to_empty_ratio" : 0.446429,
"unique_solutions" : [ "894173625752846139316529874937268451621457983548931762179385246483612597265794318" ],
"avg_number_of_steps" : 426.4,
"avg_failure_to_success_ratio" : 79,
"avg_candidates_for_picked_cell" : 4,
"avg_median_of_candidates_for_cell" : 4.11882
}