{"id" : 157,
"original_sudoku" : "920030000000000000004050068000000010152000600009040800300090040061000000008400150",
"givens_to_empty_ratio" : 0.421053,
"unique_solutions" : [ "926834571583617492714952368847263915152789634639541827375198246461325789298476153" ],
"avg_number_of_steps" : 445.2,
"avg_failure_to_success_ratio" : 91.6,
"avg_candidates_for_picked_cell" : 4,
"avg_median_of_candidates_for_cell" : 4.15822
}