{"id" : 16,
"original_sudoku" : "903000000860000000000000728000000002000060974100070360309000010210087000070340000",
"givens_to_empty_ratio" : 0.472727,
"unique_solutions" : [ "923758641867214593451639728736495182582163974194872365349526817215987436678341259" ],
"avg_number_of_steps" : 297,
"avg_failure_to_success_ratio" : 59,
"avg_candidates_for_picked_cell" : 4,
"avg_median_of_candidates_for_cell" : 4.16845
}