{"id" : 17,
"original_sudoku" : "080000000041000700900060580002075019000009000000010000050190000460700000007028000",
"givens_to_empty_ratio" : 0.421053,
"unique_solutions" : [ "786531294541982736923467581632875419175349862894216357258194673469753128317628945" ],
"avg_number_of_steps" : 331.4,
"avg_failure_to_success_ratio" : 70.2,
"avg_candidates_for_picked_cell" : 4,
"avg_median_of_candidates_for_cell" : 4.13784
}