{"id" : 18,
"original_sudoku" : "030000100125007008000000470000701063016000240000000000074600005600000810350800006",
"givens_to_empty_ratio" : 0.528302,
"unique_solutions" : [ "437286159125497638968153472289741563516938247743562981874619325692375814351824796" ],
"avg_number_of_steps" : 317.8,
"avg_failure_to_success_ratio" : 65.4,
"avg_candidates_for_picked_cell" : 4,
"avg_median_of_candidates_for_cell" : 4.16679
}