{"id" : 18,
"original_sudoku" : "080005000000003457000070809060400903007010500408007020901020000842300000000100080",
"givens_to_empty_ratio" : 0.557692,
"unique_solutions" : [ "786945312219863457534271869165482973327619548498537126951728634842356791673194285" ],
"avg_number_of_steps" : 1570.6,
"avg_failure_to_success_ratio" : 385.6,
"avg_candidates_for_picked_cell" : 4,
"avg_median_of_candidates_for_cell" : 4.21741
}