{"id" : 187,
"original_sudoku" : "000064000006000000830001000109003000003000005700000004300080006060027048010900300",
"givens_to_empty_ratio" : 0.421053,
"unique_solutions" : [ "591764823426839571837251469149573682683492715752618934374185296965327148218946357" ],
"avg_number_of_steps" : 475.4,
"avg_failure_to_success_ratio" : 110.4,
"avg_candidates_for_picked_cell" : 4,
"avg_median_of_candidates_for_cell" : 4.18681
}