{"id" : 19,
"original_sudoku" : "003502900000040000106000305900251008070408030800763001308000104000020000005104800",
"givens_to_empty_ratio" : 0.653061,
"unique_solutions" : [ "743512986589346217126987345934251768671498532852763491398675124417829653265134879" ],
"avg_number_of_steps" : 408.8,
"avg_failure_to_success_ratio" : 97.6,
"avg_candidates_for_picked_cell" : 4,
"avg_median_of_candidates_for_cell" : 4.20633
}