{"id" : 19,
"original_sudoku" : "300057204002300069684090000000070003056000400000000000098700000000000090000080056",
"givens_to_empty_ratio" : 0.446429,
"unique_solutions" : [ "319657284572348169684291537841576923256913478937824615198765342765432891423189756" ],
"avg_number_of_steps" : 603,
"avg_failure_to_success_ratio" : 138.6,
"avg_candidates_for_picked_cell" : 4,
"avg_median_of_candidates_for_cell" : 4.19211
}