{"id" : 199,
"original_sudoku" : "000000700000060098300010000042008300000100400619700000000090080008040020000000106",
"givens_to_empty_ratio" : 0.396552,
"unique_solutions" : [ "926485713451367298387219645742958361835126479619734852273691584168543927594872136" ],
"avg_number_of_steps" : 336.8,
"avg_failure_to_success_ratio" : 68.4,
"avg_candidates_for_picked_cell" : 4,
"avg_median_of_candidates_for_cell" : 4.17302
}