{"id" : 2,
"original_sudoku" : "020000009000097003000000560000000608070000040034705020009802700260309800000060000",
"givens_to_empty_ratio" : 0.472727,
"unique_solutions" : [ "726153489845697213913248567592431678178926345634785921459812736261379854387564192" ],
"avg_number_of_steps" : 764,
"avg_failure_to_success_ratio" : 170,
"avg_candidates_for_picked_cell" : 4,
"avg_median_of_candidates_for_cell" : 4.19176
}