{"id" : 2,
"original_sudoku" : "200080300060070084030500209000105408000000000402706000301007040720040060004010003",
"givens_to_empty_ratio" : 0.588235,
"unique_solutions" : [ "245981376169273584837564219976125438513498627482736951391657842728349165654812793" ],
"avg_number_of_steps" : 803.4,
"avg_failure_to_success_ratio" : 180.6,
"avg_candidates_for_picked_cell" : 4,
"avg_median_of_candidates_for_cell" : 4.18162
}