{"id" : 20,
"original_sudoku" : "030000079000000008000000300008040030490300001060000090080450000005037400007001600",
"givens_to_empty_ratio" : 0.421053,
"unique_solutions" : [ "631284579729563148854719326178946235492375861563128794386452917915637482247891653" ],
"avg_number_of_steps" : 922.2,
"avg_failure_to_success_ratio" : 230,
"avg_candidates_for_picked_cell" : 4,
"avg_median_of_candidates_for_cell" : 4.22519
}