{"id" : 20,
"original_sudoku" : "000000000009805100051907420290401065000000000140508093026709580005103600000000000",
"givens_to_empty_ratio" : 0.653061,
"unique_solutions" : [ "782614359439825176651937428293471865568392714147568293326749581975183642814256937" ],
"avg_number_of_steps" : 237.8,
"avg_failure_to_success_ratio" : 48.2,
"avg_candidates_for_picked_cell" : 4,
"avg_median_of_candidates_for_cell" : 4.20111
}