{"id" : 21,
"original_sudoku" : "020030090000907000900208005004806500607000208003102900800605007000309000030020050",
"givens_to_empty_ratio" : 0.588235,
"unique_solutions" : [ "428531796365947182971268435214896573697453218583172964849615327752389641136724859" ],
"avg_number_of_steps" : 352,
"avg_failure_to_success_ratio" : 67.6,
"avg_candidates_for_picked_cell" : 4,
"avg_median_of_candidates_for_cell" : 4.15644
}