{"id" : 21,
"original_sudoku" : "000703000001000000400000500090001603500007040006000907004006308387000000050000090",
"givens_to_empty_ratio" : 0.421053,
"unique_solutions" : [ "865793412231654789479182536798241653523967841146835927914526378387419265652378194" ],
"avg_number_of_steps" : 658.4,
"avg_failure_to_success_ratio" : 153,
"avg_candidates_for_picked_cell" : 4,
"avg_median_of_candidates_for_cell" : 4.18192
}