{"id" : 22,
"original_sudoku" : "005000006070009020000500107804150000000803000000092805907006000030400010200000600",
"givens_to_empty_ratio" : 0.472727,
"unique_solutions" : [ "425781936178369524369524187894157362652843791713692845987216453536478219241935678" ],
"avg_number_of_steps" : 992.2,
"avg_failure_to_success_ratio" : 257,
"avg_candidates_for_picked_cell" : 4,
"avg_median_of_candidates_for_cell" : 4.23213
}