{"id" : 22,
"original_sudoku" : "090602000040003700052000030301509000007030000000007023005074009000165000000900000",
"givens_to_empty_ratio" : 0.472727,
"unique_solutions" : [ "793652148146893752852741936321589467487236591569417823215374689938165274674928315" ],
"avg_number_of_steps" : 316.8,
"avg_failure_to_success_ratio" : 58.8,
"avg_candidates_for_picked_cell" : 4,
"avg_median_of_candidates_for_cell" : 4.13756
}