{"id" : 231,
"original_sudoku" : "000003021004091500008050007070009008000000003900000000003072089080500070000010040",
"givens_to_empty_ratio" : 0.446429,
"unique_solutions" : [ "695743821724891536318256497471369258856427913932185764543672189189534672267918345" ],
"avg_number_of_steps" : 334.2,
"avg_failure_to_success_ratio" : 73.2,
"avg_candidates_for_picked_cell" : 4,
"avg_median_of_candidates_for_cell" : 4.16969
}