{"id" : 235,
"original_sudoku" : "001039005000010040000785190000000000056000010000000070035008000080900000107040036",
"givens_to_empty_ratio" : 0.446429,
"unique_solutions" : [ "821439765579216348364785192913627584756894213248351679435168927682973451197542836" ],
"avg_number_of_steps" : 535.6,
"avg_failure_to_success_ratio" : 116.6,
"avg_candidates_for_picked_cell" : 4,
"avg_median_of_candidates_for_cell" : 4.18459
}