{"id" : 24,
"original_sudoku" : "004000000000030002390700080400009001209801307600200008010008053900040000000000800",
"givens_to_empty_ratio" : 0.472727,
"unique_solutions" : [ "124986735867435912395712684478359261259861347631274598712698453983547126546123879" ],
"avg_number_of_steps" : 445.6,
"avg_failure_to_success_ratio" : 102.2,
"avg_candidates_for_picked_cell" : 4,
"avg_median_of_candidates_for_cell" : 4.21621
}