{"id" : 243,
"original_sudoku" : "001020089005300000203060750680200000702001800500690000000005000000080000000000032",
"givens_to_empty_ratio" : 0.446429,
"unique_solutions" : [ "461527389875319624293864751689273145732451896514698273927135468346982517158746932" ],
"avg_number_of_steps" : 314.2,
"avg_failure_to_success_ratio" : 69.6,
"avg_candidates_for_picked_cell" : 4,
"avg_median_of_candidates_for_cell" : 4.18396
}