{"id" : 25,
"original_sudoku" : "070200508600090000500000920210000800804009012000000060906050000040000000000000701",
"givens_to_empty_ratio" : 0.421053,
"unique_solutions" : [ "479216538628395174531487926215643897864579312793128465986751243147832659352964781" ],
"avg_number_of_steps" : 319.4,
"avg_failure_to_success_ratio" : 77,
"avg_candidates_for_picked_cell" : 4,
"avg_median_of_candidates_for_cell" : 4.20631
}