{"id" : 26,
"original_sudoku" : "500400060009000800640020000000001008208000501700500000000090084003000600060003002",
"givens_to_empty_ratio" : 0.421053,
"unique_solutions" : [ "581479263329156847647328159956731428238964571714582936172695384893247615465813792" ],
"avg_number_of_steps" : 12309.4,
"avg_failure_to_success_ratio" : 3312,
"avg_candidates_for_picked_cell" : 4,
"avg_median_of_candidates_for_cell" : 4.25382
}