{"id" : 28,
"original_sudoku" : "000000000079050180800000007007306800450708096003502700700000005016030420000000000",
"givens_to_empty_ratio" : 0.528302,
"unique_solutions" : [ "345871269279653184861429537197346852452718396683592741738264915516937428924185673" ],
"avg_number_of_steps" : 425.2,
"avg_failure_to_success_ratio" : 93.4,
"avg_candidates_for_picked_cell" : 4,
"avg_median_of_candidates_for_cell" : 4.17446
}