{"id" : 28,
"original_sudoku" : "034801000800000000020000906900005308060003100500046000000000009010000042300000800",
"givens_to_empty_ratio" : 0.421053,
"unique_solutions" : [ "634891725879652413125437986941275368267983154583146297452718639718369542396524871" ],
"avg_number_of_steps" : 216.2,
"avg_failure_to_success_ratio" : 42.6,
"avg_candidates_for_picked_cell" : 4,
"avg_median_of_candidates_for_cell" : 4.18194
}