{"id" : 29,
"original_sudoku" : "003090000000610000009205000030021809005800007000030050020000000700168000100000078",
"givens_to_empty_ratio" : 0.446429,
"unique_solutions" : [ "513497682842613795679285341437521869265849137981736254328974516754168923196352478" ],
"avg_number_of_steps" : 477.4,
"avg_failure_to_success_ratio" : 97.2,
"avg_candidates_for_picked_cell" : 4,
"avg_median_of_candidates_for_cell" : 4.15065
}