{"id" : 3,
"original_sudoku" : "000000907000420180000705026100904000050000040000507009920108000034059000507000000",
"givens_to_empty_ratio" : 0.528302,
"unique_solutions" : [ "462831957795426183381795426173984265659312748248567319926178534834259671517643892" ],
"avg_number_of_steps" : 2163.6,
"avg_failure_to_success_ratio" : 516.2,
"avg_candidates_for_picked_cell" : 4,
"avg_median_of_candidates_for_cell" : 4.20008
}