{"id" : 3,
"original_sudoku" : "100059042000000010000030980000482000000000020370005000007020095040000000000790408",
"givens_to_empty_ratio" : 0.446429,
"unique_solutions" : [ "136859742789246513524137986691482357458673129372915864817324695943568271265791438" ],
"avg_number_of_steps" : 465.8,
"avg_failure_to_success_ratio" : 109,
"avg_candidates_for_picked_cell" : 4,
"avg_median_of_candidates_for_cell" : 4.20116
}