{"id" : 30,
"original_sudoku" : "200170603050000100000006079000040700000801000009050000310400000005000060906037002",
"givens_to_empty_ratio" : 0.472727,
"unique_solutions" : [ "298175643657394128134286579821649735573821496469753281312468957785912364946537812" ],
"avg_number_of_steps" : 2551,
"avg_failure_to_success_ratio" : 690,
"avg_candidates_for_picked_cell" : 4,
"avg_median_of_candidates_for_cell" : 4.25287
}