{"id" : 30,
"original_sudoku" : "000000020000350000060000000975603000003270600000000900030015706608700093050000008",
"givens_to_empty_ratio" : 0.472727,
"unique_solutions" : [ "547168329892357461361492875975643182183279654426581937239815746618724593754936218" ],
"avg_number_of_steps" : 166.8,
"avg_failure_to_success_ratio" : 33.6,
"avg_candidates_for_picked_cell" : 4,
"avg_median_of_candidates_for_cell" : 4.15226
}