{"id" : 31,
"original_sudoku" : "080000400600000000004083070300000200100000307020000085056020004400870100000000732",
"givens_to_empty_ratio" : 0.472727,
"unique_solutions" : [ "581297463673415928294683571345768219168952347927134685756321894432879156819546732" ],
"avg_number_of_steps" : 211.4,
"avg_failure_to_success_ratio" : 42.8,
"avg_candidates_for_picked_cell" : 4,
"avg_median_of_candidates_for_cell" : 4.14911
}