{"id" : 31,
"original_sudoku" : "000000080800701040040020030374000900000030000005000321010060050050802006080000000",
"givens_to_empty_ratio" : 0.446429,
"unique_solutions" : [ "761543289832791645549628137374215968128936574695487321417369852953872416286154793" ],
"avg_number_of_steps" : 6119.6,
"avg_failure_to_success_ratio" : 1562.2,
"avg_candidates_for_picked_cell" : 4,
"avg_median_of_candidates_for_cell" : 4.22868
}