{"id" : 32,
"original_sudoku" : "000000085000210009960080100500800016000000000890006007009070052300054000480000000",
"givens_to_empty_ratio" : 0.472727,
"unique_solutions" : [ "132649785758213649964785123543897216276531894891426537619378452327154968485962371" ],
"avg_number_of_steps" : 3792,
"avg_failure_to_success_ratio" : 999.8,
"avg_candidates_for_picked_cell" : 4,
"avg_median_of_candidates_for_cell" : 4.24256
}