{"id" : 32,
"original_sudoku" : "001000000000058010024000580000049000000362094000000000300800069000500803000210000",
"givens_to_empty_ratio" : 0.421053,
"unique_solutions" : [ "581927346736458912924631587273149658815362794469785231352874169147596823698213475" ],
"avg_number_of_steps" : 562.6,
"avg_failure_to_success_ratio" : 133.8,
"avg_candidates_for_picked_cell" : 4,
"avg_median_of_candidates_for_cell" : 4.19656
}