{"id" : 33,
"original_sudoku" : "682000000003000029000040500070085000005000008300060000806007093200000060090000407",
"givens_to_empty_ratio" : 0.446429,
"unique_solutions" : [ "682953741453176829719248536974385612165429378328761954846517293237894165591632487" ],
"avg_number_of_steps" : 381.8,
"avg_failure_to_success_ratio" : 78,
"avg_candidates_for_picked_cell" : 4,
"avg_median_of_candidates_for_cell" : 4.16743
}