{"id" : 33,
"original_sudoku" : "608070502050608070002000300500090006040302050800050003005000200010704090409060701",
"givens_to_empty_ratio" : 0.653061,
"unique_solutions" : [ "698173542354628179172549368531897426946312857827456913765931284213784695489265731" ],
"avg_number_of_steps" : 837.8,
"avg_failure_to_success_ratio" : 206.4,
"avg_candidates_for_picked_cell" : 4,
"avg_median_of_candidates_for_cell" : 4.23044
}