{"id" : 334,
"original_sudoku" : "208000540900508000060000030035200000000085410004900000080003000300106000021050000",
"givens_to_empty_ratio" : 0.472727,
"unique_solutions" : [ "218637549943518672567492831135274986692385417874961253486723195359146728721859364" ],
"avg_number_of_steps" : 158.8,
"avg_failure_to_success_ratio" : 30.8,
"avg_candidates_for_picked_cell" : 4,
"avg_median_of_candidates_for_cell" : 4.15077
}