{"id" : 35,
"original_sudoku" : "053000790009753400100000002090080010000907000080030070500000003007641200061000940",
"givens_to_empty_ratio" : 0.588235,
"unique_solutions" : [ "453218796629753481178496532796582314314967825285134679542879163937641258861325947" ],
"avg_number_of_steps" : 186.4,
"avg_failure_to_success_ratio" : 43.2,
"avg_candidates_for_picked_cell" : 4,
"avg_median_of_candidates_for_cell" : 4.22201
}