{"id" : 36,
"original_sudoku" : "050000803600000070002607000900000080000000500270003900860702050100300600030900100",
"givens_to_empty_ratio" : 0.472727,
"unique_solutions" : [ "751294863648531279392687415913425786486179532275863941869712354124358697537946128" ],
"avg_number_of_steps" : 507.8,
"avg_failure_to_success_ratio" : 111,
"avg_candidates_for_picked_cell" : 4,
"avg_median_of_candidates_for_cell" : 4.18155
}