{"id" : 36,
"original_sudoku" : "006080300049070250000405000600317004007000800100826009000702000075040190003090600",
"givens_to_empty_ratio" : 0.653061,
"unique_solutions" : [ "516289347849173256732465918698317524327954861154826739961732485275648193483591672" ],
"avg_number_of_steps" : 136,
"avg_failure_to_success_ratio" : 22.2,
"avg_candidates_for_picked_cell" : 4,
"avg_median_of_candidates_for_cell" : 4.08196
}