{"id" : 37,
"original_sudoku" : "030000002078019030609003000000000000800007000000104003200080490001070000340090600",
"givens_to_empty_ratio" : 0.446429,
"unique_solutions" : [ "135648972478219536629753841714835269863927154592164783256381497981476325347592618" ],
"avg_number_of_steps" : 278,
"avg_failure_to_success_ratio" : 63,
"avg_candidates_for_picked_cell" : 4,
"avg_median_of_candidates_for_cell" : 4.16081
}