{"id" : 38,
"original_sudoku" : "014009000009080020003407080000004007580000240072000091930000070200000000000000003",
"givens_to_empty_ratio" : 0.446429,
"unique_solutions" : [ "814629735759381624623457189396214857581793246472568391938146572267935418145872963" ],
"avg_number_of_steps" : 342,
"avg_failure_to_success_ratio" : 70,
"avg_candidates_for_picked_cell" : 4,
"avg_median_of_candidates_for_cell" : 4.15769
}