{"id" : 39,
"original_sudoku" : "300000200070300000068002000010409000400600000290037010000804390000900600800000704",
"givens_to_empty_ratio" : 0.472727,
"unique_solutions" : [ "354198267172365849968742135713489526485621973296537418627854391541973682839216754" ],
"avg_number_of_steps" : 920.4,
"avg_failure_to_success_ratio" : 228.2,
"avg_candidates_for_picked_cell" : 4,
"avg_median_of_candidates_for_cell" : 4.19324
}