{"id" : 396,
"original_sudoku" : "900640030600000100000000000080006007304010608190400002400200009010000000238900000",
"givens_to_empty_ratio" : 0.472727,
"unique_solutions" : [ "921648735653729184847153926582396417374512698196487352465231879719865243238974561" ],
"avg_number_of_steps" : 121.6,
"avg_failure_to_success_ratio" : 18.4,
"avg_candidates_for_picked_cell" : 4,
"avg_median_of_candidates_for_cell" : 4.11986
}