{"id" : 40,
"original_sudoku" : "000602000400050001085010620038206710000000000019407350026040530900020007000809000",
"givens_to_empty_ratio" : 0.653061,
"unique_solutions" : [ "193672485462358971785914623538296714674135298219487356826741539941523867357869142" ],
"avg_number_of_steps" : 302.8,
"avg_failure_to_success_ratio" : 65.4,
"avg_candidates_for_picked_cell" : 4,
"avg_median_of_candidates_for_cell" : 4.18932
}