{"id" : 407,
"original_sudoku" : "004670002001080009507001840000020100170900000200000070908004020000000086040000000",
"givens_to_empty_ratio" : 0.472727,
"unique_solutions" : [ "894673512321485769567291843486327195175946238239158674958764321712539486643812957" ],
"avg_number_of_steps" : 506.2,
"avg_failure_to_success_ratio" : 108.6,
"avg_candidates_for_picked_cell" : 4,
"avg_median_of_candidates_for_cell" : 4.16988
}