{"id" : 41,
"original_sudoku" : "080004006050600970001000000008006007120050490040000600260001700007000010900000008",
"givens_to_empty_ratio" : 0.472727,
"unique_solutions" : [ "389174256452683971671295834598346127126758493743912685265831749837469512914527368" ],
"avg_number_of_steps" : 239.2,
"avg_failure_to_success_ratio" : 44.4,
"avg_candidates_for_picked_cell" : 4,
"avg_median_of_candidates_for_cell" : 4.14007
}