{"id" : 410,
"original_sudoku" : "003005210004060009200083405000400000036510008000032000080000000000000060500001000",
"givens_to_empty_ratio" : 0.421053,
"unique_solutions" : [ "873945216154267389269183475928476531436519728715832694682394157341758962597621843" ],
"avg_number_of_steps" : 541.4,
"avg_failure_to_success_ratio" : 117.4,
"avg_candidates_for_picked_cell" : 4,
"avg_median_of_candidates_for_cell" : 4.16367
}