{"id" : 42,
"original_sudoku" : "000000090000015400307000205900000007065000000040006930000000050020004071501000302",
"givens_to_empty_ratio" : 0.446429,
"unique_solutions" : [ "154823796296715483387649215913482567865397124742156938438271659629534871571968342" ],
"avg_number_of_steps" : 286.6,
"avg_failure_to_success_ratio" : 57.6,
"avg_candidates_for_picked_cell" : 4,
"avg_median_of_candidates_for_cell" : 4.15588
}