{"id" : 427,
"original_sudoku" : "009600000082907000670000000000701000960008100005002000120050790004100080058070040",
"givens_to_empty_ratio" : 0.528302,
"unique_solutions" : [ "439625817582917364671483529243761958967548132815392476126854793794136285358279641" ],
"avg_number_of_steps" : 236.8,
"avg_failure_to_success_ratio" : 42,
"avg_candidates_for_picked_cell" : 4,
"avg_median_of_candidates_for_cell" : 4.12903
}