{"id" : 43,
"original_sudoku" : "290307010010809005500000069000008600800200050100000000000900508000100020350082070",
"givens_to_empty_ratio" : 0.528302,
"unique_solutions" : [ "296357814417869235583421769742518693869234157135796482621973548978145326354682971" ],
"avg_number_of_steps" : 192.2,
"avg_failure_to_success_ratio" : 34.2,
"avg_candidates_for_picked_cell" : 4,
"avg_median_of_candidates_for_cell" : 4.11832
}