{"id" : 44,
"original_sudoku" : "000000820003000000010000090800020059700050030960700100070508000058203070000170000",
"givens_to_empty_ratio" : 0.472727,
"unique_solutions" : [ "549367821283915467617482395834621759721859634965734182476598213158243976392176548" ],
"avg_number_of_steps" : 359.2,
"avg_failure_to_success_ratio" : 87.6,
"avg_candidates_for_picked_cell" : 4,
"avg_median_of_candidates_for_cell" : 4.19772
}