{"id" : 45,
"original_sudoku" : "000040070000056001008700049000000000084002090027001006000904050000020080000000702",
"givens_to_empty_ratio" : 0.421053,
"unique_solutions" : [ "613249875749856321258713649536497218184362597927581436862974153371625984495138762" ],
"avg_number_of_steps" : 265.8,
"avg_failure_to_success_ratio" : 54,
"avg_candidates_for_picked_cell" : 4,
"avg_median_of_candidates_for_cell" : 4.16709
}