{"id" : 45,
"original_sudoku" : "080000040000469000400000007005904600070608030008502100900000005000781000060000010",
"givens_to_empty_ratio" : 0.472727,
"unique_solutions" : [ "586127943723469851491853267135974628279618534648532179917246385352781496864395712" ],
"avg_number_of_steps" : 1289.6,
"avg_failure_to_success_ratio" : 276,
"avg_candidates_for_picked_cell" : 4,
"avg_median_of_candidates_for_cell" : 4.15852
}