{"id" : 46,
"original_sudoku" : "030000804760009020200400000009050700050006000072004003000000345005000009040000280",
"givens_to_empty_ratio" : 0.472727,
"unique_solutions" : [ "531267894764839521298415637419352768853976412672184953986721345325648179147593286" ],
"avg_number_of_steps" : 390,
"avg_failure_to_success_ratio" : 84,
"avg_candidates_for_picked_cell" : 4,
"avg_median_of_candidates_for_cell" : 4.19112
}