{"id" : 46,
"original_sudoku" : "904200007010000000000706500000800090020904060040002000001607000000000030300005702",
"givens_to_empty_ratio" : 0.421053,
"unique_solutions" : [ "954213687617548923832796541763851294128974365549362178281637459475129836396485712" ],
"avg_number_of_steps" : 5847.8,
"avg_failure_to_success_ratio" : 1562.6,
"avg_candidates_for_picked_cell" : 4,
"avg_median_of_candidates_for_cell" : 4.25525
}