{"id" : 469,
"original_sudoku" : "080500000406008000090004000100070006000920570070005004000800000900010000651700090",
"givens_to_empty_ratio" : 0.446429,
"unique_solutions" : [ "283567419416298735597134862125473986864921573379685124732859641948316257651742398" ],
"avg_number_of_steps" : 301.6,
"avg_failure_to_success_ratio" : 65.6,
"avg_candidates_for_picked_cell" : 4,
"avg_median_of_candidates_for_cell" : 4.17793
}