{"id" : 47,
"original_sudoku" : "306000090000700005070000001060105809080903000005200003139000060002000000050000007",
"givens_to_empty_ratio" : 0.446429,
"unique_solutions" : [ "326851794891724635574639281463175829287943156915268473139487562742596318658312947" ],
"avg_number_of_steps" : 466.4,
"avg_failure_to_success_ratio" : 111.4,
"avg_candidates_for_picked_cell" : 4,
"avg_median_of_candidates_for_cell" : 4.19423
}