{"id" : 48,
"original_sudoku" : "001007090590080001030000080000005800050060020004100000080000030100020079020700400",
"givens_to_empty_ratio" : 0.446429,
"unique_solutions" : [ "861357294597482361432619785916275843358964127274138956789541632143826579625793418" ],
"avg_number_of_steps" : 8421.6,
"avg_failure_to_success_ratio" : 2233.8,
"avg_candidates_for_picked_cell" : 4,
"avg_median_of_candidates_for_cell" : 4.24692
}