{"id" : 48,
"original_sudoku" : "080070904000000061000208007075092000000600000090000000807010500000907010000084600",
"givens_to_empty_ratio" : 0.446429,
"unique_solutions" : [ "386175924752439861914268357475892136238651749691743285847316592563927418129584673" ],
"avg_number_of_steps" : 725.6,
"avg_failure_to_success_ratio" : 162.4,
"avg_candidates_for_picked_cell" : 4,
"avg_median_of_candidates_for_cell" : 4.19312
}