{"id" : 49,
"original_sudoku" : "000007000109060000003200000030406907000000054500090130076304000000000000900012000",
"givens_to_empty_ratio" : 0.421053,
"unique_solutions" : [ "465937281129865743783241695831456927697123854542798136276384519318579462954612378" ],
"avg_number_of_steps" : 277.8,
"avg_failure_to_success_ratio" : 59,
"avg_candidates_for_picked_cell" : 4,
"avg_median_of_candidates_for_cell" : 4.20293
}