{"id" : 493,
"original_sudoku" : "020010470000008005000300000304501800000000004980027501000743100000000000700109350",
"givens_to_empty_ratio" : 0.528302,
"unique_solutions" : [ "628915473493278615157364289374591862215836794986427531569743128831652947742189356" ],
"avg_number_of_steps" : 366.6,
"avg_failure_to_success_ratio" : 80.2,
"avg_candidates_for_picked_cell" : 4,
"avg_median_of_candidates_for_cell" : 4.14298
}