{"id" : 5,
"original_sudoku" : "060037000009010200170000500007003620050068093002009000003001000000000005908000001",
"givens_to_empty_ratio" : 0.472727,
"unique_solutions" : [ "265437819389516247174892536897153624451268793632749158543681972716924385928375461" ],
"avg_number_of_steps" : 284,
"avg_failure_to_success_ratio" : 57.6,
"avg_candidates_for_picked_cell" : 4,
"avg_median_of_candidates_for_cell" : 4.15819
}