{"id" : 50,
"original_sudoku" : "300200000000107000706030500070009080900020004010800050009040301000702000000008006",
"givens_to_empty_ratio" : 0.446429,
"unique_solutions" : [ "351286497492157638786934512275469183938521764614873259829645371163792845547318926" ],
"avg_number_of_steps" : 2620.8,
"avg_failure_to_success_ratio" : 643.8,
"avg_candidates_for_picked_cell" : 4,
"avg_median_of_candidates_for_cell" : 4.20542
}