{"id" : 504,
"original_sudoku" : "070026049005000000940500007009003060000000230000000000050004020000708000780600000",
"givens_to_empty_ratio" : 0.396552,
"unique_solutions" : [ "371826549865947312942531687529173864617489235438265971156394728293718456784652193" ],
"avg_number_of_steps" : 564.4,
"avg_failure_to_success_ratio" : 133.6,
"avg_candidates_for_picked_cell" : 4,
"avg_median_of_candidates_for_cell" : 4.18946
}