{"id" : 553,
"original_sudoku" : "070300510020000040600070000000000900040090000001025600000060000090413200030502000",
"givens_to_empty_ratio" : 0.421053,
"unique_solutions" : [ "879346512123859746654271389265134978347698125981725634412967853598413267736582491" ],
"avg_number_of_steps" : 702.8,
"avg_failure_to_success_ratio" : 167.4,
"avg_candidates_for_picked_cell" : 4,
"avg_median_of_candidates_for_cell" : 4.19216
}