{"id" : 557,
"original_sudoku" : "600000500120345090000290000216009034590000008840020000000004000050182000000030000",
"givens_to_empty_ratio" : 0.528302,
"unique_solutions" : [ "639718542128345697475296813216859734593471268847623159781964325354182976962537481" ],
"avg_number_of_steps" : 362.6,
"avg_failure_to_success_ratio" : 86.8,
"avg_candidates_for_picked_cell" : 4,
"avg_median_of_candidates_for_cell" : 4.22367
}