{"id" : 58,
"original_sudoku" : "028060090090031004000000000000003641600900023004005900080090000003000000001040080",
"givens_to_empty_ratio" : 0.446429,
"unique_solutions" : [ "328467195795231864146859732859723641617984523234615978582396417463178259971542386" ],
"avg_number_of_steps" : 728.4,
"avg_failure_to_success_ratio" : 162.4,
"avg_candidates_for_picked_cell" : 4,
"avg_median_of_candidates_for_cell" : 4.18012
}