{"id" : 588,
"original_sudoku" : "000000010200710000106004000000003090000409723000670000050000930000040070090206405",
"givens_to_empty_ratio" : 0.472727,
"unique_solutions" : [ "937562814245718369186394257574823691618459723329671548452187936863945172791236485" ],
"avg_number_of_steps" : 140.2,
"avg_failure_to_success_ratio" : 29,
"avg_candidates_for_picked_cell" : 4,
"avg_median_of_candidates_for_cell" : 4.15461
}