{"id" : 6,
"original_sudoku" : "000530260000000000000002803000327009200060040070000600003690000000208900000040078",
"givens_to_empty_ratio" : 0.446429,
"unique_solutions" : [ "817539264932486715546712893468327159295861347371954682783695421154278936629143578" ],
"avg_number_of_steps" : 528,
"avg_failure_to_success_ratio" : 119.2,
"avg_candidates_for_picked_cell" : 4,
"avg_median_of_candidates_for_cell" : 4.19719
}