{"id" : 617,
"original_sudoku" : "000000200003070000000000010004016805006005030020700400000020080207830100038004006",
"givens_to_empty_ratio" : 0.472727,
"unique_solutions" : [ "589361247143572698672948513394216875716485932825793461451627389267839154938154726" ],
"avg_number_of_steps" : 350.2,
"avg_failure_to_success_ratio" : 82.6,
"avg_candidates_for_picked_cell" : 4,
"avg_median_of_candidates_for_cell" : 4.21573
}