{"id" : 644,
"original_sudoku" : "005080100074620000060007009800004000000700000590002706020000000701095000000076000",
"givens_to_empty_ratio" : 0.446429,
"unique_solutions" : [ "235489167974621583168537429817964352642753891593812746326148975781295634459376218" ],
"avg_number_of_steps" : 204.4,
"avg_failure_to_success_ratio" : 40,
"avg_candidates_for_picked_cell" : 4,
"avg_median_of_candidates_for_cell" : 4.14955
}