{"id" : 666,
"original_sudoku" : "000050043000000100070108000000530960000000030900640005000005090000810056300070401",
"givens_to_empty_ratio" : 0.472727,
"unique_solutions" : [ "189752643256394178473168529847531962561289734932647815618425397794813256325976481" ],
"avg_number_of_steps" : 317.4,
"avg_failure_to_success_ratio" : 71.8,
"avg_candidates_for_picked_cell" : 4,
"avg_median_of_candidates_for_cell" : 4.19912
}