{"id" : 674,
"original_sudoku" : "000090000260040000000000760004980021070001040100000630080009016000020900003000080",
"givens_to_empty_ratio" : 0.446429,
"unique_solutions" : [ "847693152261745398359812764634987521572361849198254637785439216416528973923176485" ],
"avg_number_of_steps" : 891.4,
"avg_failure_to_success_ratio" : 208.4,
"avg_candidates_for_picked_cell" : 4,
"avg_median_of_candidates_for_cell" : 4.20089
}