{"id" : 686,
"original_sudoku" : "500207010387500006001300500000000000000003000008602000805000900009001300060700280",
"givens_to_empty_ratio" : 0.472727,
"unique_solutions" : [ "596247813387519426241368597952174638614983752738652149825436971479821365163795284" ],
"avg_number_of_steps" : 440.6,
"avg_failure_to_success_ratio" : 93.4,
"avg_candidates_for_picked_cell" : 4,
"avg_median_of_candidates_for_cell" : 4.16764
}