{"id" : 692,
"original_sudoku" : "230084096090300005400059002000263000020008400003010050080000000051600000000000000",
"givens_to_empty_ratio" : 0.472727,
"unique_solutions" : [ "235184796798326145416759382549263817127598463863417259682971534351642978974835621" ],
"avg_number_of_steps" : 774.8,
"avg_failure_to_success_ratio" : 188.6,
"avg_candidates_for_picked_cell" : 4,
"avg_median_of_candidates_for_cell" : 4.18781
}