{"id" : 698,
"original_sudoku" : "000010000090024630400500008000830500000050800000000040060000390200090000100006082",
"givens_to_empty_ratio" : 0.421053,
"unique_solutions" : [ "635918274891724635472563918946831527317452869528679143764285391283197456159346782" ],
"avg_number_of_steps" : 575.2,
"avg_failure_to_success_ratio" : 131.6,
"avg_candidates_for_picked_cell" : 4,
"avg_median_of_candidates_for_cell" : 4.21194
}