{"id" : 7,
"original_sudoku" : "400100809605090002008043150800001040503020010021004006000000000060000000000000500",
"givens_to_empty_ratio" : 0.472727,
"unique_solutions" : [ "437152869615897432298643157876931245543726918921584376152478693369215784784369521" ],
"avg_number_of_steps" : 113.6,
"avg_failure_to_success_ratio" : 20.2,
"avg_candidates_for_picked_cell" : 4,
"avg_median_of_candidates_for_cell" : 4.10721
}