{"id" : 741,
"original_sudoku" : "206043000057026403000000100300000090701900000005000000423010005000000309000700000",
"givens_to_empty_ratio" : 0.446429,
"unique_solutions" : [ "216843957957126483834597126382475691741962538695381742423619875178254369569738214" ],
"avg_number_of_steps" : 301.8,
"avg_failure_to_success_ratio" : 64.6,
"avg_candidates_for_picked_cell" : 4,
"avg_median_of_candidates_for_cell" : 4.16139
}