{"id" : 76,
"original_sudoku" : "000008000043000070958031000000005004530607000000000000300190050109060780000000090",
"givens_to_empty_ratio" : 0.446429,
"unique_solutions" : [ "671428935243956178958731642796285314534617829812349567387192456129564783465873291" ],
"avg_number_of_steps" : 721.2,
"avg_failure_to_success_ratio" : 165.6,
"avg_candidates_for_picked_cell" : 4,
"avg_median_of_candidates_for_cell" : 4.19866
}