{"id" : 783,
"original_sudoku" : "000000079000000300000000608043000007208076590000800020630700000900030405800050000",
"givens_to_empty_ratio" : 0.446429,
"unique_solutions" : [ "356418279482967351197523648543291867218376594769845123635784912971632485824159736" ],
"avg_number_of_steps" : 375.8,
"avg_failure_to_success_ratio" : 82.6,
"avg_candidates_for_picked_cell" : 4,
"avg_median_of_candidates_for_cell" : 4.17101
}