{"id" : 791,
"original_sudoku" : "000000000280457100601000000870200000090801240000000000105900007040600009020080050",
"givens_to_empty_ratio" : 0.472727,
"unique_solutions" : [ "437168592289457136651392874874236915596871243312549768165923487748615329923784651" ],
"avg_number_of_steps" : 339.8,
"avg_failure_to_success_ratio" : 69,
"avg_candidates_for_picked_cell" : 4,
"avg_median_of_candidates_for_cell" : 4.17662
}