{"id" : 81,
"original_sudoku" : "092000010000100005300600020100000030600700000070500400050090000031060574460000900",
"givens_to_empty_ratio" : 0.472727,
"unique_solutions" : [ "592834617786129345314675829125946738649783251873512496258497163931268574467351982" ],
"avg_number_of_steps" : 411.2,
"avg_failure_to_success_ratio" : 89.2,
"avg_candidates_for_picked_cell" : 4,
"avg_median_of_candidates_for_cell" : 4.16721
}