{"id" : 817,
"original_sudoku" : "000400000201306000000007000800200030504600280700008000407502013603080070052060000",
"givens_to_empty_ratio" : 0.557692,
"unique_solutions" : [ "378429165241356897965817324819245736534671289726938451487592613693184572152763948" ],
"avg_number_of_steps" : 456.2,
"avg_failure_to_success_ratio" : 84.2,
"avg_candidates_for_picked_cell" : 4,
"avg_median_of_candidates_for_cell" : 4.13446
}