{"id" : 845,
"original_sudoku" : "200075000006000300057010064003000500020000010900000702000000005000000130045009026",
"givens_to_empty_ratio" : 0.446429,
"unique_solutions" : [ "234675981196482357857913264473261598528794613961358742319826475682547139745139826" ],
"avg_number_of_steps" : 191.2,
"avg_failure_to_success_ratio" : 44.8,
"avg_candidates_for_picked_cell" : 4,
"avg_median_of_candidates_for_cell" : 4.22067
}