{"id" : 861,
"original_sudoku" : "010080000003054800080700090000020000005000000007000029300475000090000030002390471",
"givens_to_empty_ratio" : 0.472727,
"unique_solutions" : [ "419682753273954816586731294638529147925147368147863529361475982794218635852396471" ],
"avg_number_of_steps" : 410.6,
"avg_failure_to_success_ratio" : 98.6,
"avg_candidates_for_picked_cell" : 4,
"avg_median_of_candidates_for_cell" : 4.23641
}