{"id" : 9,
"original_sudoku" : "000000600000000007004170000406090150020500480001060200600000000000010500700005894",
"givens_to_empty_ratio" : 0.446429,
"unique_solutions" : [ "275943618198256347364178925486792153927531486531864279652489731849317562713625894" ],
"avg_number_of_steps" : 583.6,
"avg_failure_to_success_ratio" : 114.4,
"avg_candidates_for_picked_cell" : 4,
"avg_median_of_candidates_for_cell" : 4.16771
}