{"id" : 923,
"original_sudoku" : "298071340000200050070400009340800910000090000000700020000300000000040005500102000",
"givens_to_empty_ratio" : 0.472727,
"unique_solutions" : [ "298571346463289751175436289346825917721694538859713624914357862632948175587162493" ],
"avg_number_of_steps" : 361.2,
"avg_failure_to_success_ratio" : 72.8,
"avg_candidates_for_picked_cell" : 4,
"avg_median_of_candidates_for_cell" : 4.16613
}