{"id" : 985,
"original_sudoku" : "000000057030546000000000900000009000007650208000070060000080032000007000200030405",
"givens_to_empty_ratio" : 0.396552,
"unique_solutions" : [ "164892357739546821825713946658329714317654298492178563971485632543267189286931475" ],
"avg_number_of_steps" : 388.8,
"avg_failure_to_success_ratio" : 80,
"avg_candidates_for_picked_cell" : 4,
"avg_median_of_candidates_for_cell" : 4.17096
}