{"id" : 990,
"original_sudoku" : "025000074040020001009000060000000000600009800000001020001092006000000940054706000",
"givens_to_empty_ratio" : 0.421053,
"unique_solutions" : [ "125968374846327591739154268498273615612549837573681429381492756267815943954736182" ],
"avg_number_of_steps" : 1207.4,
"avg_failure_to_success_ratio" : 289.6,
"avg_candidates_for_picked_cell" : 4,
"avg_median_of_candidates_for_cell" : 4.19756
}